name,param,value,Wh_km_bms_net,Wh_km_bms_gross,bms_regen_pct,fw_dist_pct,Dstr,Dint,Dtotal,residual,wall_time_s
A_rl_lo,A_rl,154,152.74,215.02,28.97,7.28,48.547,8.450,56.998,3.38e-14,8360.3
A_rl_hi,A_rl,170,156.76,217.55,27.94,7.28,49.205,11.800,61.005,3.38e-14,8699.4
C_rl_lo,C_rl,0.299,152.21,214.30,28.97,7.28,44.860,11.615,56.475,5.15e-14,8688.1
C_rl_hi,C_rl,0.331,158.94,219.57,27.61,7.28,49.992,13.187,63.179,4.97e-14,8554.1
Pregen_lo,P_regen_max,50000,154.71,215.81,28.31,7.28,47.832,11.142,58.974,3.55e-15,7424.4
Pregen_hi,P_regen_max,70000,154.22,215.51,28.44,7.28,47.567,10.924,58.492,3.73e-14,7571.7
mtest_lo,m_test,1889,155.51,215.35,27.79,7.28,47.347,12.428,59.774,8.88e-15,8573.4
mtest_hi,m_test,1967,155.57,218.35,28.75,7.28,49.611,10.199,59.810,3.02e-14,8444.2
Paux_lo,P_aux,550,146.92,209.16,29.76,7.28,41.191,11.887,53.078,1.78e-15,0.0
Paux_hi,P_aux,830,150.56,211.96,28.97,7.28,41.191,11.887,53.078,1.78e-15,0.0
